X1,X2,X3,y_cont,y_cat
0.101817008487187,0.4342581121718936,0.04022093479810396,4.211292640215175,B
0.09895377716186915,0.8028458217160205,0.4315911920316289,4.294644600863464,B
0.6736572675039785,0.3279257281166389,0.8305913207079588,6.4983128970895585,D
0.34988841166707285,0.6172434265752897,0.1709658279177937,2.3198690079490074,A
0.4111006787109234,0.6892216433704685,0.9972218378752018,5.203600784110338,C
0.5148470055341197,0.4129984767345689,0.785791448888051,4.689302006902873,C
0.5942449614141544,0.7654411174415712,0.2856275619093459,5.50938661747925,C
0.6130432063347953,0.7253386150017926,0.8118650887078989,5.515911074786287,C
0.6638524433294317,0.10384678100967926,0.6319144508480292,6.292211130159255,D
0.36346086792825705,0.7170575599071466,0.11472976585400718,3.771844667699729,B
0.5958746055012287,0.8203087309483472,0.7531601240207125,5.975650265326447,D
0.10159963919035853,0.3081300403871292,0.6478932607973462,1.617857220897557,A
0.505628467228607,0.7888071981798757,0.7508450886817034,4.886645234817141,C
0.5173247720553023,0.21408754414278197,0.8703981496383002,5.692633628983795,D
0.21867982778344175,0.2100696653598495,0.8164747509098412,3.8737001391517536,B
0.9873351677400846,0.09095875846205081,0.5102078510694684,4.917348948131895,C
0.4826276060652871,0.09316337270265229,0.2822712717079824,2.2568556974890908,A
0.03950275799649294,0.8655586463169629,0.4789737665681556,3.6642075113545998,B
0.1504107121090159,0.42375296574440235,0.4555504288356602,3.096535001156635,A
0.45435837830546466,0.43470280361483693,0.611939721894271,5.654649791995611,C
0.7959792663077893,0.0909742826418809,0.27808734502528454,4.026824100876028,B
0.41498509903586756,0.2282802320453402,0.6298081069267261,3.107983038593754,A
0.37558148430673977,0.04254685793849333,0.21073433760391935,3.287235743745006,A
0.2746743467086499,0.11479500494868833,0.3944466360587142,2.443546491310564,A
0.6853209820689204,0.08060001462724431,0.9459891764760067,4.105904630239147,B
0.8229469082709086,0.36229302332346436,0.8057072111931757,7.218561854811265,D
0.41439360676200576,0.5613039382017591,0.42087856327687023,3.4000328360805856,A
0.5721608250256514,0.5801137731677292,0.8409714651884085,4.334215756408762,B
0.7636345465332974,0.4385858080139844,0.3763807670228565,5.866337587828912,D
0.8481611255050928,0.9996352420646435,0.9350560415176361,6.225783334546804,D
0.9605215416884386,0.3079420927899378,0.2890710924592207,3.0653727138711284,A
0.5263210373503384,0.19526094174144126,0.6496906785392047,3.733294967768017,B
0.753899378801474,0.0694173623503137,0.13750409539861808,3.6771130726211494,B
0.1371015896861617,0.7358018448196287,0.97394315880923,6.15462087324866,D
0.787064738610894,0.7027776341986984,0.030598350651668937,4.945976800746801,C
0.3010845460527303,0.24406408869972107,0.3876184543759449,4.679638811268247,C
0.5264485989502046,0.24865957043484543,0.9107809328503179,3.9856285416367303,B
0.3689033645098997,0.0037666544480664532,0.31655854499278724,1.5703890684336792,A
0.23890836124509485,0.4426227376636729,0.18945943466775372,4.427856585363807,B
0.41234694732202615,0.40009086798945803,0.09973219502911146,3.2027960626170007,A
0.12554616489266335,0.986884230061246,0.016653615330609606,3.6545473756037654,B
0.575710967638546,0.160345964961354,0.46186727937338123,2.2276284003119553,A
0.8402693300580252,0.7828113748502403,0.16408282097439253,5.618846726505741,C
0.005597440786337504,0.22287258878620286,0.5106305816300776,1.8238101539044722,A
0.6850206118104641,0.7705048552783317,0.7188801101790334,5.294771548317898,C
0.21549656483160196,0.5062174543929763,0.6988933074380058,4.552450433793541,B
0.5656697234240783,0.049042653919184165,0.10581747939060415,3.574594278226666,B
0.6672682006266534,0.10458347189050332,0.9188868419371113,5.888328089878407,D
0.6507520118819652,0.9193617252947223,0.41436006973448325,8.43199852139208,D
0.6953330767042494,0.9311554052119462,0.4487627569537399,6.278224114391994,D
0.7020446483817661,0.25351822900257337,0.3322623634742877,3.275000901443641,A
0.44215129274069975,0.0338445128044802,0.9333503595713025,5.120996045451353,C
0.1509653590271639,0.8217786197320016,0.6557157819676521,4.328112936235679,B
0.08870876542776063,0.4166784149049615,0.11804941566219351,1.72459558336632,A
0.8660424919178168,0.8366392677823115,0.4510572465406347,5.586036151414633,C
0.1725049815310553,0.8569470420925439,0.6633779930812096,7.187987699224124,D
0.1233797480546942,0.63051180752792,0.036911301374500494,2.2037195078237817,A
0.1767369600633495,0.6387622603431403,0.9840002207164753,4.5147132895066875,B
0.19576825134333053,0.5027812732826935,0.6197990171603325,4.142660635025612,B
0.2635198624577316,0.423426364532576,0.0413199750414045,1.8298043165926992,A
0.9647666436408077,0.3931397502356967,0.36292505619757154,4.943086298638938,C
0.07579334788695458,0.6250984739196792,0.17181282609362836,3.5975004077433503,B
0.6946374538470333,0.4496376966302451,0.23217925454560762,4.398034785191324,B
0.5871251552268465,0.4570574781649057,0.6523086015966639,3.922464483352877,B
0.043565954688749575,0.6450173430952969,0.37155952031495865,3.8737377606308736,B
0.059873530571122324,0.04640598474005353,0.5268537707670468,3.26308430924806,A
0.5686519570930979,0.20979387247457715,0.6730658623436835,4.477796939515223,B
0.9926877864620153,0.08490087854364026,0.7598747364618494,6.289055307974368,D
0.006031463826832173,0.27698244021597374,0.5133838482970989,0.8815929495323309,A
0.1709145845886817,0.8951342694095005,0.20460394969875428,4.184010135915621,B
0.9428320491521918,0.017844236836875527,0.5677153621718277,4.358610435513617,B
0.8804802775270105,0.41706310423628623,0.38347289116939753,5.65360727707901,C
0.1608254156130583,0.6029313244896484,0.9124632751953644,5.020972237330134,C
0.25204108171130035,0.6813718519670156,0.1972776121960198,3.171732359379951,A
0.25956607005453036,0.9138695367229631,0.4686644552692977,3.7281117393083067,B
0.6598669506983016,0.36756615136268234,0.6255736424224757,6.736539319461257,D
0.8784230144084726,0.918894864359386,0.010578458166562443,3.91173293929434,B
0.820874341151801,0.07212569550991421,0.01896363740814766,4.247688240867377,B
0.779874391247235,0.5088272310152204,0.16355919878858383,3.8598472834581017,B
0.15463582075623117,0.23089078555986964,0.5182256697798561,2.8774786220377515,A
0.850772828240981,0.7177012649776208,0.1584256057862995,4.911568484689015,C
0.9788539227821286,0.8347413941603302,0.2362407879844628,6.764631209946358,D
0.603178012092244,0.5845345526829865,0.8925454409909478,6.2439971546250845,D
0.16397378187267508,0.5775630351179196,0.3607227994805863,3.5012381953658624,B
0.7276981469940302,0.07283951760258012,0.8261709014769768,5.139728506683879,C
0.9070835046367552,0.8888546331740997,0.8697576198815534,7.3205063648896305,D
0.9335939920383982,0.6579296665377606,0.014265290320922719,4.877691663050498,C
0.6070441157007777,0.7602693025070252,0.6241546842269848,6.317958448297022,D
0.3882525853513503,0.03514888312502773,0.35330460750270976,4.001616817898424,B
0.23007997552266268,0.9060103771654882,0.8102364075413522,4.53936093571442,B
0.11368882306087946,0.1597644717291501,0.4989404471224229,0.5101236212267182,A
0.5858245955393192,0.05880818625169981,0.7997289737071436,4.204547496916841,B
0.2282867826329007,0.3501813431394514,0.5589085919889143,2.0150917846625385,A
0.987525726851221,0.7288531956425364,0.9094626647698858,6.937774978596499,D
0.25206006974939565,0.8278497750526769,0.9365172395210708,4.526346196885996,B
0.9346236908211436,0.038534337605290014,0.7639803553840564,3.7012433918265644,B
0.0380929758493056,0.8649852394660186,0.9379286536236248,4.47077926656889,B
0.3772330159040229,0.3004362156138476,0.27357658264191553,4.028976339403208,B
0.14972671848632302,0.5719508416647268,0.6136711968705971,7.172870622657307,D
0.6802651069286191,0.006214150995004997,0.6808156115441184,5.314946322283607,C
0.762642185073032,0.4954781035421132,0.7216487613877391,4.330938977971155,B
0.784017642608126,0.12400681437606353,0.5169937814293276,5.1032774805696945,C
0.8892159645576199,0.4058436302455152,0.39011638675584503,5.518056507688823,C
0.32711440887203,0.9325144396622665,0.9815952593675047,4.393525402230091,B
0.4959948564553236,0.545294758855748,0.4789068664371898,3.720708356859694,B
0.27481622425165575,0.5185937427455645,0.4723038666729479,4.9119767292216885,C
0.158231561237834,0.14856225667588407,0.19669285821301052,2.837380254077447,A
0.08668184346561902,0.5702581080771274,0.8196995039399546,3.731913542840175,B
0.7229527690682372,0.4873768066243688,0.10197868350213535,3.1074985103412107,A
0.7225838346046779,0.09859770659357125,0.19239268047918912,4.066294283880553,B
0.5222757255764575,0.7792874615160931,0.14076721217015475,4.211842041751253,B
0.8099682837459318,0.5944061583108788,0.8668191847020025,7.754359250495703,D
0.19236500197005058,0.8744440367914182,0.3492506506979617,3.266651597052742,A
0.04103099159710244,0.13256640206196935,0.5029022715931658,2.1100306497004553,A
0.7097010957306229,0.9054870029457602,0.6821097075447518,7.677495019135041,D
0.35890728102201586,0.005843494674395711,0.6710628120600063,3.2862720463209376,A
0.6638587077136682,0.5563640081693025,0.3483340584831016,5.229311392906438,C
0.31250887903798774,0.5787526377716334,0.31931709577885625,4.579977881022775,B
0.5933981753287757,0.6088713056165286,0.974686867029388,5.927071513537753,D
0.6237601515470858,0.8873651462266055,0.06304595929361445,5.609762891811365,C
0.20900029344981952,0.551679397260562,0.7566612522345456,4.588142237834258,B
0.7203263250486085,0.5597900451220458,0.036282476638356265,4.943229825377309,C
0.3191689211333846,0.4665705082066207,0.3963798295600921,2.5220602220258335,A
0.6908985419087408,0.43285612104453863,0.5616176583518633,3.5301975167732556,B
0.12552490701612085,0.17175822157599852,0.35463949703146447,1.8691874786711873,A
0.755543762838271,0.039894605898229685,0.107491019294092,3.8808299151303345,B
0.8641936992095459,0.4086086993941386,0.8697724428425733,8.026818330213796,D
0.1487206197983001,0.9626031510713611,0.30223104266910394,2.4663993607783397,A
0.9486161810005491,0.3236054245778194,0.6299861359344985,7.3299950498198,D
0.13278659791240377,0.8824617197371398,0.2834132353790917,3.9927761250406073,B
0.6394701042275631,0.25844866210455664,0.8696803505627556,6.460821414436889,D
0.4491647299740179,0.8760740103844613,0.5040686069652833,6.190041839021201,D
0.8662974711025448,0.06061619720606504,0.005097866491138858,4.332008817978042,B
0.7291086438006921,0.6971736429807082,0.45503003233953954,6.9130906362447115,D
0.3935718419733283,0.9596246386526831,0.43104654706656265,3.000567193149277,A
0.8353394945819557,0.1928776823952757,0.6384744864010832,4.525486563579215,B
0.706291935785787,0.40808863422132613,0.5017597878463074,4.917722885821621,C
0.16392366824904725,0.8718106874834137,0.24018621501765536,2.6047799829604736,A
0.7520492871803033,0.46019137553669687,0.09294658202280581,4.597801939925111,B
0.5061505921880267,0.08184142507921799,0.7721161832164207,5.984391057011094,D
0.4008924785388581,0.6939256673765706,0.9507678499118059,5.806398532736317,D
0.1503550974627369,0.34311146924763536,0.29720728042334665,4.79774686440242,C
0.4004346395895326,0.6494505145508299,0.41754775879368944,4.822935906531973,C
0.6506325610890774,0.7695377697696347,0.450553380220012,6.303839879462877,D
0.4134607805021999,0.1981224041048658,0.6326065409411212,4.058089254635609,B
0.33957040159421714,0.7621503407669448,0.6007899640333987,3.22917558167305,A
0.624743888877227,0.7642403939491673,0.8111659782346909,5.93583222994627,D
0.8299824935266034,0.38152381710611993,0.38767698908466885,4.386844261368637,B
0.23356931021558236,0.2325625443070083,0.5562161508662463,3.7107198327100304,B
0.9292138372146765,0.40382220779825306,0.9799388240424428,5.109437453385959,C
0.41940285710855263,0.9113125003650775,0.578061032891806,3.619748397846122,B
0.6020687639714144,0.3595883636956714,0.28373350974106015,4.957826336344558,C
0.007448432988947262,0.8647227605179599,0.21132793138150285,3.6833971388749323,B
0.724833065620025,0.5726568296637838,0.32262160265087203,6.185707995979058,D
0.01993272619240616,0.7075484579962634,0.4869681315428117,3.5973781754532017,B
0.8439154138910451,0.8673519650492775,0.3571185465547625,6.069155981272731,D
0.9147611440658199,0.757694385863413,0.3883206404908387,5.985918936718482,D
0.8670981105944282,0.8268702470001761,0.7742036480859438,5.928594161344926,D
0.42575460826654155,0.059007582838321526,0.20180016784799282,3.594701869731143,B
0.7694826755998456,0.3381285106969556,0.8686421264149607,5.668645594680999,C
0.08927546890371141,0.8680580062933281,0.331103542956917,4.653372620770202,C
0.47596721734208847,0.6331368690954705,0.39801253026125416,5.9115508285498475,D
0.2832542746386246,0.5287045379915398,0.12214783093385673,3.155820972676111,A
0.2848451507194687,0.26236358778517976,0.9936305704285489,4.8746902952504465,C
0.7365163879173507,0.7452980314335087,0.5926518980075477,5.044427156270357,C
0.04534806638969546,0.7593823087737769,0.58747379277014,4.728125882311996,C
0.8621338646648394,0.043273409912973126,0.4450731474786025,5.3875422900404075,C
0.15790698846850693,0.29210502065510646,0.40050806554921914,5.544802972248415,C
0.9745772483619656,0.23005496715420348,0.14956564036521136,4.275255938774574,B
0.8258928683020024,0.4264093748073067,0.012318237189347214,1.6902852584391868,A
0.8290152669177605,0.8192071670550719,0.2530787305483313,5.93830638254996,D
0.6990625700609968,0.4847935488648559,0.09296112952436475,5.090566709717333,C
0.6392707314800552,0.6588745795854506,0.3617530310264768,7.2336715432234975,D
0.8985344077569829,0.2103680184382949,0.20342371506083468,4.8606584715159356,C
0.40637809398441316,0.7291895943311506,0.4729310385499996,4.233907711498906,B
0.9203577123753114,0.24898444695712285,0.648316378879985,5.746422179465523,D
0.518317765402527,0.4031270183424269,0.15376295332707557,4.09158137139323,B
0.7046788157564593,0.823658142245183,0.22826977748051014,4.548777911524195,B
0.10332216643909364,0.29242997144469696,0.18506786888908666,3.6572570565314275,B
0.5956507006019087,0.5944448722200338,0.1418917479975097,6.210371990302934,D
0.4261791518559217,0.7390203890040249,0.7152230553040667,2.7821171953896178,A
0.04305561322680029,0.6556843088051263,0.492500133456651,4.005440016888034,B
0.6943121220550209,0.46575198638563264,0.9349420861251119,5.875790058780368,D
0.7813474452994411,0.09788330700387515,0.18781224714283506,2.685267431234882,A
0.6999091089038664,0.21109770773035974,0.4636935214945258,4.261816862157231,B
0.5640002768676534,0.7685789927047916,0.7453555694301672,7.352794095869673,D
0.4580399179264134,0.9224100607415231,0.5120007664565405,5.763796071817364,D
0.006596307350816399,0.600926211321612,0.9379700998822312,6.246324825368661,D
0.5802842380587652,0.5807752490934156,0.013895356161581773,3.7884693023839877,B
0.11357779706530191,0.6779181448471013,0.683115689094335,4.21430633227813,B
0.366748659433075,0.14547778813679912,0.11791610750844661,2.334686450171818,A
0.5459372745584476,0.43126278001912444,0.055982260641427195,4.732094620927663,C
0.09562036528623219,0.3473615416831449,0.9077625770791959,2.980320778041005,A
0.09288545252536373,0.08991903392744571,0.056858068526183136,1.062067048225123,A
0.7255105485406897,0.7884324236097908,0.7352671780468267,5.06392120052268,C
0.0057195377868136665,0.07883994455388599,0.8051973758711924,2.0662468977658657,A
0.11743553751891611,0.03753208404467012,0.9659633903159582,3.0496693246926276,A
0.578391073319727,0.11052990885635527,0.20076126650641668,3.979883142293675,B
0.44874829163927066,0.1461711793332987,0.8964324221220134,4.122420755813555,B
0.57431727088521,0.6765083413563026,0.6537755563735429,5.611731476491468,C
0.03313807072865205,0.4578581219742186,0.09316505931223662,5.110454680400173,C
0.4942464746454691,0.8596258685917162,0.6128400319878801,6.242361237016703,D
0.38530259909490006,0.026637012184139275,0.35393659508479913,3.4290414118253385,A
0.510067398826726,0.2727193187729332,0.9223937986828926,5.961972811120713,D
0.6766434775706941,0.0013451919315652372,0.6221619139448361,1.6290783545041556,A
0.030036696963381848,0.6939663298715086,0.3609239302644299,3.245485664881765,A
0.5446710310344376,0.037354295625081746,0.07769527222683192,3.9271690846015685,B
0.2010398416550927,0.5995136769841143,0.3870336445882109,2.707860456308861,A
0.2628542286609131,0.011793364842634824,0.12578895887188768,0.8462920185890697,A
0.09720318128758787,0.5180707342917319,0.9452225510785458,5.463450082465557,C
0.29338665380189555,0.9285292890319656,0.018397764880731304,3.628402483359994,B
0.8932407412867119,0.7952083354378956,0.6902725040996344,6.430934118608343,D
0.24379471694901456,0.5030126290202664,0.8228205696132975,5.330823533169689,C
0.2687088375606871,0.7173694958644395,0.6145187012702917,4.182522313294791,B
0.9596675766701217,0.48485856136406835,0.2112272432161293,6.887767812702171,D
0.4620851407489964,0.7835074412876543,0.439925186190803,5.078270907969312,C
0.27165684321153183,0.2818817829214506,0.00045519552060679924,2.41279357204216,A
0.4101408785566103,0.6181582295188246,0.8999142916673117,4.791073243860869,C
0.06599306185929554,0.7256561039380897,0.5278682307813094,2.8757983666898483,A
0.8494929658452268,0.12960046115047807,0.7850270577490537,5.406541808119881,C
0.6832814649843254,0.7980666281852152,0.626082312179175,4.232980295351339,B
0.7769250325029624,0.8106242642044923,0.24101446444814978,4.875905070834589,C
0.09439391480400527,0.3201014210033877,0.26136667093072397,2.479760836064865,A
0.4729473247649122,0.23685738493965292,0.622437425933138,3.5240318216341464,B
0.4279721727906355,0.3726761065184403,0.18037258357195052,3.2257335849161928,A
0.9095277230211329,0.87538577698921,0.10225193983573078,6.3938600520352,D
0.030840417818280064,0.25658191572306044,0.26858397512202725,1.9134674356563581,A
0.1809473402785926,0.8624708737192142,0.5995186615905358,5.490606366262913,C
0.0995459496206238,0.15504008853355578,0.8775939516233194,3.3827719785770687,A
0.862754972976374,0.07880833657730113,0.7526014506371699,6.072838599459594,D
0.7540608654125844,0.46789335531709075,0.4495999332396179,3.698234150735034,B
0.6617555418458817,0.7130767293337178,0.5875789570049694,5.577792690842749,C
0.3866411768795519,0.105960687713758,0.6294826347602083,3.6823051232846864,B
0.8505403580771104,0.7171456878230398,0.5287264606928753,7.483844969863853,D
0.1545253681996519,0.2960257629160685,0.2453302275097119,3.306698347665216,A
0.4221545585849834,0.9085370341599857,0.8387309379690145,4.205022907490922,B
0.9032642877125557,0.4524722563607745,0.8316427387336864,6.916190051124085,D
0.46961448695154584,0.7999529215681401,0.135970060186291,4.403599482211111,B
0.9719192753672312,0.19236608114770248,0.6899187496843083,5.714179070625791,D
0.6966521826411441,0.6759393774187332,0.16656528624180011,5.620774937959087,C
0.6375972656644644,0.44738965396820485,0.8727727238728699,5.069315858989813,C
0.27583609135115794,0.05669845727105216,0.5631153786950763,2.5885909224020693,A
0.5517620837253799,0.987353149408343,0.27718970725442205,5.69098203696473,D
0.6308932144815977,0.3027839772257864,0.8704564783504567,6.251419413127782,D
0.9650123655128923,0.28581033000780887,0.7216434848803053,7.2691005168858345,D
0.9946362677921204,0.08813368786718379,0.743625953154462,5.84894504144339,D
0.2701608432024486,0.35647657274323774,0.2101327517662639,4.387734193224469,B
0.6336649764905886,0.46697400549284984,0.6647690833560546,6.478705422639045,D
0.9394618764447213,0.69504129394226,0.34811940925324114,6.863394171859182,D
0.052134502361581236,0.7817234554353071,0.1758321132698636,3.871115776728519,B
0.11189290595668855,0.5512846585216258,0.8616890355326764,3.0928871888490685,A
0.30345131538693026,0.1622011422002203,0.623794606306168,3.778135181028646,B
0.08530310010130404,0.08368666093569632,0.6812885981782362,2.3684926084610916,A
0.34979905387409427,0.16497848564185613,0.26477247344590626,4.241706777106094,B
0.2741074288165313,0.395312035277225,0.2185589745493841,5.360951042051548,C
0.5853863021251839,0.14085913173156706,0.4393650291146567,3.6458543804766164,B
0.1468893674778895,0.4071711030258177,0.25356587649720497,2.535671130011433,A
0.9005876978819989,0.1715500273276389,0.7904846063398185,5.42726427462428,C
0.20841418587097105,0.12957314164984435,0.7485135843628955,2.9482303150501483,A
0.4758104971584155,0.3756020982702961,0.21977430915688467,5.722284042987249,D
0.41049093005211346,0.9896169605296944,0.4158487833185873,5.913851905391141,D
0.896893279781278,0.9216283443612555,0.15771321295047336,7.085384660020198,D
0.8226277306230814,0.3146756719966187,0.7047917172106262,3.45985301338533,A
0.13582689606316023,0.030916578311142917,0.141118643656985,0.9602188142707258,A
0.13358370970453592,0.6121342956644559,0.7955040761222699,3.451317060036122,A
0.4267246613725757,0.9837286017211323,0.9217145876166987,6.26073559673799,D
0.09127600893353571,0.03768190250766412,0.6318324953874189,2.1886774505803857,A
0.8715577678933568,0.9020770526451225,0.9526331085766483,7.511120543594527,D
0.010404259611654365,0.5286262694161957,0.8853643939186385,4.958184840211806,C
0.4806310657076259,0.8296891791888391,0.2175383068101837,3.64466920938973,B
0.8264914449025269,0.15918115056590987,0.9035992039358955,6.111080367853521,D
0.8261159727803824,0.5598798764710687,0.5195415593051839,5.653329639950639,C
0.5484196715490902,0.18049928504252355,0.6424460360784807,6.311169805779545,D
0.3816400429727781,0.3666100433735051,0.03805863517185315,3.2341004149575787,A
0.8530391876584742,0.13298751487451999,0.9156090993915356,5.601384400824368,C
0.683780226466134,0.5983860030313161,0.07617550463176681,5.865135132785097,D
0.8954968095040821,0.9554182328815807,0.8434912082899348,6.906590765164675,D
0.9073839537579992,0.8346199031075124,0.7640284238004745,6.476579375009874,D
0.8039184628563903,0.9320919649021318,0.9395071240739311,6.899486253213768,D
0.3655330201106267,0.37999067234882467,0.2703973214845078,4.941223847604466,C
0.6221006511904426,0.8888400667040988,0.6931787599141609,4.138582816497821,B
0.48694101471925433,0.827318167058197,0.03336022153492335,4.067023382010536,B
0.10609990536496039,0.6312865227507932,0.3738574095892563,2.615907123802341,A
0.5748371879065006,0.6077066645613749,0.706029624258192,5.162160714009154,C
0.10511048443656101,0.1865561100775195,0.4418291423197295,2.645445502238533,A
0.05459652506807777,0.3730697922751006,0.5778115129388348,1.1561591277153058,A
0.6523885410726753,0.20460474457961353,0.6682115207848476,5.9630780602932045,D
0.5892926475398683,0.5725478867139627,0.7128811316819929,5.121668599873037,C
0.20213327738634201,0.9370456384131862,0.7654562110286387,5.817344392922841,D
0.8641880131972617,0.5033734441976562,0.1208840403932081,6.040852940468534,D
0.39958446964843264,0.3601968962846652,0.6322992987903496,4.248558050967139,B
0.4876873344445305,0.0996854696673708,0.8458050033661173,3.624863993814899,B
0.8732554785948602,0.245726844636047,0.6384303118133537,5.246068061770938,C
0.2064100220601799,0.6605842435271491,0.968114670975094,4.6729570457369105,C
0.36757542266809684,0.5492121515980026,0.004484318743706139,3.6672227238622326,B
0.07725831052191301,0.6397588733058408,0.19646124809373533,3.57811871972044,B
0.9972173601308546,0.41107655512418995,0.39939222755535786,5.493760365541706,C
0.32571027753581316,0.8819710530064572,0.2314850582047352,6.109613887018249,D
0.5728844524349335,0.8711651791814417,0.1188987283719638,4.279248588379262,B
0.8735860527591551,0.09002122952836766,0.04973681337727265,3.292316824833177,A
0.7795717478741,0.27380541321269125,0.3979364008519942,6.456093102612534,D
0.4773205559750133,0.03263923955690262,0.4720304331854769,3.2336738041840105,A
0.43546613505912446,0.37983006217506143,0.2585953439308051,3.093520534273961,A
0.07550958976435607,0.3898301571427536,0.9749779484971011,3.3238412325864974,A
0.7812231501385387,0.22028822265807202,0.5638632199955789,4.124645710042985,B
0.9841832321276491,0.5971209515730994,0.8107489678193814,5.275805122417366,C
0.1266216519975042,0.033733554446800595,0.8864384324981835,2.1941494886931334,A
0.6294363367447365,0.5648112367333233,0.8933853554140594,5.861226478704073,D
0.7419765434323436,0.23460141988927696,0.4683600425274711,4.424954295335583,B
0.8763503943898888,0.3009040295697607,0.6982023045628029,6.216344329822601,D
0.826266592423902,0.8399724589982377,0.9887130670178572,8.62489008958022,D
0.46976102128317265,0.6215546574058888,0.5299254140973229,6.319699887888266,D
0.33980895284746604,0.6532548584194314,0.20774001991403435,3.4352679442638463,A
0.2684095758046059,0.323204090056167,0.6132399490164379,2.644920658283732,A
0.8293046807170688,0.16239049727492572,0.7737987491537335,5.664057535223575,C
0.029692029885974636,0.28181435538425315,0.8451735708776303,1.5199085083805535,A
0.9500539496812492,0.9671451291124495,0.9848599597738965,8.334730173032302,D
0.7925844055758124,0.4913066878433592,0.05048071719581482,6.446716530278131,D
0.26843032111678067,0.8445411090551405,0.6736486672566837,4.51678988575492,B
0.23535700748694988,0.9763574166157227,0.09629073710129243,5.143186430783838,C
0.5479357311767318,0.2724926073898506,0.5105271837373746,2.8935525057748634,A
0.510719126609954,0.07617794388370691,0.08583263416967846,4.835025338813939,C
0.7346316167695642,0.5266384633695516,0.9239849949791634,4.454600119561972,B
0.33275122188728357,0.23774773986526787,0.5268421959926091,3.69979677914052,B
0.22339125225724787,0.8424324598179604,0.3810323402404241,5.815797883311241,D
0.22504019337684267,0.5281193177806822,0.22041920820337002,4.161444867438124,B
0.7203334141375952,0.5347779496897965,0.13173809275537762,5.249681098716923,C
0.30890413746297973,0.2888384939205516,0.17518063108069037,2.6241667125571784,A
0.18141183741568112,0.2975002572685407,0.3796184707715834,2.674133278697308,A
0.06808476690838328,0.5590045607975995,0.7793058644345565,4.228995060944538,B
0.9335177185555023,0.9595378802888602,0.036429311492913174,5.859238943502173,D
0.35107802114723674,0.3721566938584564,0.30164837759784413,4.241157411829067,B
0.7246245913868837,0.9872244897133388,0.6586101322893256,6.927321413592551,D
0.17194932759446824,0.35690662936726736,0.8919551069492752,3.8140265959832558,B
0.26107171497919845,0.24737443212173638,0.8656907177085342,2.3478599073692834,A
0.7684647889397621,0.35469740802845884,0.8774135453276342,6.068180318199841,D
0.8141857838309168,0.5577175440126672,0.3444974916626976,5.07303304597793,C
0.133452066666512,0.18042093010073967,0.2544138330926663,2.066142317406231,A
0.3380609231037168,0.3804588839964861,0.6823268497096435,6.543619591005569,D
0.49282729127130087,0.2971899029989715,0.7959191314886586,4.834668813784254,C
0.658507177403501,0.859976952387934,0.9781652565105472,6.359309205196057,D
0.1784078204428442,0.7871531720214846,0.4783877423862227,3.380481498795546,A
0.779305181235702,0.11312027443743444,0.5073854217442164,7.328614731009974,D
0.20455390847694976,0.2361181119940312,0.3028901460765058,2.5982772252311848,A
0.7348073215394967,0.20186777789274724,0.07194140225796442,3.116074899877548,A
0.06795964940430776,0.4678335694027529,0.5247721908519918,3.3277540727199924,A
0.280934747830923,0.8102508346917461,0.014155996574333196,3.405136945982196,A
0.6305768074410076,0.7992159188128005,0.94013601543052,9.412358176785865,D
0.245317670621793,0.4309429939193359,0.5375354637669332,3.0909001656769153,A
0.3926797879454529,0.7041468060551511,0.6088210338660425,5.007755347732946,C
0.9045769979406324,0.2008628728503271,0.330225863580652,3.8824709963953556,B
0.42732209479032,0.7772196525681425,0.9901501053483064,5.7631823082930405,D
0.9701126845998133,0.8477384159772908,0.891941636560375,7.814551046289817,D
0.0308617220268691,0.3110569353908703,0.8759476769681531,4.787610544883206,C
0.6372070334198565,0.20024975076934115,0.1466694107751776,5.092693958212525,C
0.6985787866209445,0.5463541256390902,0.5866012088062836,3.4777739320037493,A
0.5818223537162506,0.812109887146614,0.5443481191106762,4.6116364664873934,C
0.4195678758260172,0.5645930573327436,0.6610262782387868,3.4592330218512264,A
0.17023432995798338,0.5608995330162009,0.8557145514559898,3.9627483665629866,B
0.5418702881169918,0.6101022507850216,0.27142030308812326,2.8861348589567375,A
0.67044191924532,0.9674822350948239,0.9190798106492402,6.422797840311541,D
0.23162776351875014,0.5945837758597949,0.8380883920054545,5.180685346295347,C
0.9652623745758192,0.7613756877573938,0.5189785362489185,7.2625364474006995,D
0.3841882896233755,0.3280533301964845,0.7278795597954013,1.9573696373124014,A
0.6064976364248477,0.020579172750016972,0.6294511034760399,3.8180037729953558,B
0.5814464693464713,0.926681299683255,0.2771334271138358,4.75155414137653,C
0.4516719548532573,0.0025214483950201094,0.6534618055481612,3.3834543254450806,A
0.7568197821768246,0.9441017684559376,0.5697376520551398,7.329023930789394,D
0.8933999196318634,0.47327055763969217,0.07326442883560091,5.783371667635977,D
0.30833326687298124,0.9863184278017673,0.024996154765496104,4.925794778340626,C
0.8695677936281221,0.523102875032948,0.8960450734377541,5.997126566416589,D
0.9504392372987865,0.8437857394725866,0.11366700432452959,6.054924502440822,D
0.21323363297598807,0.7468067330703243,0.7515520468709791,4.634107868222676,C
0.19388364178684836,0.4613258568593258,0.1566934856376393,2.131690641379574,A
0.4632641887172497,0.275832522738377,0.45328303318044816,2.7885084424768163,A
0.3950787776193485,0.5484521560789072,0.07246029964864997,3.486842927476929,B
0.188127639915864,0.9049095255586085,0.416291420251922,3.413069535164734,A
0.6361493158478084,0.9090815861197544,0.21750966984203568,6.81913297882598,D
0.6641552917967596,0.052805288682541085,0.2671464462818497,3.4216960766860263,A
0.16477193659800948,0.329255971873481,0.52496266048183,3.7371022291301745,B
0.17315753998708805,0.5120914992568042,0.11195529707933294,3.0069154914669585,A
0.5337878032817909,0.7225726177720099,0.20443394311560925,4.4827854614219955,B
0.46055284142404607,0.7572117717038974,0.4389019359304682,3.851661491218149,B
0.5390048767296788,0.7721087609308672,0.04567795177556988,5.112983849885572,C
0.2042585075962976,0.6729257348079979,0.42431459875991895,2.4291594314713567,A
0.47377479388449995,0.9892163449626056,0.948790277549972,4.4263304820323555,B
0.8337107902517927,0.07905759517211841,0.14235505320431863,2.746366292866364,A
0.8025595557409135,0.2810070642065613,0.7756122258928637,6.339425420034526,D
0.5491636713029356,0.20683065471082152,0.03915189682446085,3.3964501916418297,A
0.989094005102812,0.3382177094114258,0.8192872298472827,4.59803938683534,C
0.7213513417432197,0.6077443424517186,0.4707744307240903,5.560030343628803,C
0.7087624832108989,0.8974049565972398,0.5365058840303527,4.464942021075595,B
0.26624198420180956,0.6264291263723288,0.890515938282175,7.553025419908328,D
0.05441523132846526,0.11504661757129275,0.8011510329247788,1.143021955126631,A
0.7534157506340137,0.5531915416026855,0.8230654495901696,5.161845756083892,C
0.8268748997873749,0.12718566958344912,0.23790758104275622,4.638624016652107,C
0.591484776659894,0.7310837499932642,0.9919427262273851,6.822827237694875,D
0.28681138073469226,0.23331557338979825,0.658638575093619,5.19544646052075,C
0.11619006796137465,0.23840082595860468,0.43905039785281197,2.4022683642415448,A
0.019811331492169737,0.47621140617213753,0.3608182297312553,1.2120623044322054,A
0.8114220673376508,0.4938330423163635,0.8036923707194644,7.233137648225162,D
0.39156371179214566,0.6573161424388576,0.18496695746717395,4.840101555754508,C
0.749089629537986,0.489598722868286,0.7983298943821557,7.033809210026061,D
0.39812034285139586,0.9720167756849084,0.7623087365757342,3.9502950883589403,B
0.16465009753975945,0.6724858285042927,0.3720032116874731,3.905760035614971,B
0.5202460833883504,0.5189413730981717,0.5367374372011308,5.25500865489562,C
0.16414599788479556,0.37537871697969705,0.1390224553877809,2.353159778758024,A
0.4758949872325938,0.11828191573608682,0.19721444797720067,2.991682777989054,A
0.8537024501112276,0.9958582631238906,0.08801212338558473,5.986865122153306,D
0.9640670955516617,0.17198583910847087,0.8185673430802682,6.3251233915166765,D
0.983320407933626,0.0511472249446675,0.735056413143018,5.111901037230491,C
0.36538774215514835,0.9711430124484107,0.5004787277959114,4.631913026306481,C
0.9457180409175557,0.8877693977096094,0.09290252577006464,5.715110153643076,D
0.17341465325712557,0.928001583140978,0.9048519554871011,5.788479475278128,D
0.3583579607441213,0.43670504136121535,0.3469687372896193,3.37728263568511,A
0.6810522765791807,0.8597018686660891,0.1539363717235287,4.501301207086373,B
0.4717122867119361,0.32425087460313706,0.6242005869569691,4.573036529562811,B
0.7532505377015601,0.29111186594099925,0.17024880880543758,4.695850533342041,C
0.852619452781856,0.40305840363355006,0.8780650917497327,5.761892663584467,D
0.504473930473508,0.08057469426559638,0.6898740893373505,3.6014376762544558,B
0.088886486707624,0.37569873044215607,0.07535174459086913,2.338585058910575,A
0.2044300634695918,0.9250408622303362,0.4446321795827938,5.275109308403638,C
0.7446206823898189,0.056572486362602814,0.532430828997834,3.8881526146545062,B
0.5005193298555526,0.9516243260105427,0.2171968787360189,4.110663487504275,B
0.12522563235858764,0.30119539777837845,0.6913932387484256,3.5180946496112906,B
0.6335078734679646,0.3635246535355522,0.5538052693290828,5.175020372949287,C
0.23104884563746697,0.2594334575090692,0.15017542749308843,2.2899309565897155,A
0.34453459532050834,0.4267416437837095,0.7099171730280912,3.015544028700554,A
0.30292916205655407,0.20557905236337126,0.674766783183049,6.553264611077175,D
0.7108651027118522,0.6929938304491549,0.8136989826714335,4.707562079850861,C
0.8282316228270139,0.5211743621868878,0.10882401586014168,3.8397376137267147,B
0.6597861047317466,0.9260429984810034,0.39993019949664677,5.80027598797279,D
0.3546213997369575,0.7048536165763859,0.06604720373114337,2.034407687579038,A
0.6675067692207209,0.9531335008003528,0.8281899820285329,7.423828517075265,D
0.2046040480992315,0.47056961775073225,0.2070048474413564,2.116537597586964,A
0.5891727035302128,0.6607778143541065,0.9342337068380097,4.781425938353414,C
0.6897595862788,0.9029561434961287,0.5018064322043535,7.229928575635659,D
0.6524093495108271,0.007943312095771149,0.9042848348976041,4.464720854208609,B
0.07256479459504472,0.3227926652926514,0.052071607346818594,2.704323091815349,A
0.2840896826748954,0.6659122782501706,0.6604731787386567,4.175403265015803,B
0.11762618160798477,0.11252801753379482,0.2275623903597238,3.0091112860252514,A
0.9829296862758727,0.3816266974767365,0.9126712055537021,8.259662454649952,D
0.3892506656427551,0.22324937988234783,0.16207900015548038,1.8017783702354713,A
0.5511716944527009,0.7910855050208337,0.3602849044469577,6.60757539102706,D
0.6184754622190064,0.011399992377042922,0.27063119871867014,4.041923835521299,B
0.8756325621441277,0.4810295270396734,0.9307955102373934,7.964568239615334,D
0.5421587745889914,0.5328037301595939,0.7989244756115323,6.049115849500293,D
0.5589107432696456,0.41262177948491174,0.7917504198180523,4.534185443416568,B
0.5510625343972154,0.8189573989031692,0.16381853391507373,4.250582238222633,B
0.9116768383694784,0.07097717392178793,0.29597052326919204,5.101982854173998,C
0.60474492388942,0.582532055692536,0.6448411820548249,4.045301152697866,B
0.1473797785020603,0.011312369965207347,0.5095647305232933,1.5385782186049246,A
0.01322369751756347,0.562142499426641,0.3381012044579711,3.1458344569255505,A
0.46209336091149045,0.8536348148975399,0.6550843557299879,5.296238560099777,C
0.232024625367247,0.30443553847272453,0.34857594074875264,1.9857302731407749,A
0.5343710326132511,0.3018762449188541,0.8633690637412765,3.155701189105827,A
0.9324136673565958,0.49575077434323755,0.028729744937704416,3.5328318197167308,B
0.09993327965176269,0.3789677071633668,0.47200046168828347,4.3158546682868915,B
0.47715192565457176,0.6282036149890539,0.6823737061058713,4.278482777487327,B
0.3444762908678637,0.9561834038142967,0.4125948804785847,5.693772647189675,D
0.5037433819044396,0.7660434501644983,0.9956771623529602,6.534445776703444,D
0.1477926443440868,0.4837650112222871,0.9533027897184868,3.1493569800248324,A
0.5820831520340868,0.881095894056506,0.5366018496269195,5.354112604316357,C
0.7429351253057536,0.8028043350647986,0.3954570079189099,5.936989845386753,D
0.9159879974667754,0.8648004637039303,0.8846000150962081,8.427459931295573,D
0.5045881248012847,0.659882217624353,0.5970091692133362,3.63455064484961,B
0.8111701092130067,0.7829698240305674,0.8204553763135726,5.2190958494634145,C
0.6218798343914852,0.8725807966179233,0.7658988444009001,4.469480424675237,B
0.4115361539264647,0.9483623494006251,0.8598621893579862,6.00589643622676,D
0.7719292852483469,0.916103785716842,0.9384098860671611,6.65292506049548,D
0.1416852966533625,0.4197464171693508,0.5461218790046326,3.1736170923809066,A
0.8528421173443175,0.6393073455337974,0.09168040994814941,5.018926251259767,C
0.9815046476120844,0.9387357736546058,0.4123688567082934,6.477693554578905,D
0.697617997084103,0.20058302566074726,0.6948768073334968,5.749929897333207,D
0.3073296608312016,0.8914652874642301,0.7527578159105822,5.64760956785981,C
0.5757775156597702,0.425894283341259,0.08368391027068167,3.6102030720028666,B
0.014977361747951168,0.30541078475118,0.913063492526751,4.870894243341751,C
0.7218273844759582,0.961692519880634,0.5652803676250334,6.833560937302025,D
0.3649415609466764,0.3377072113325298,0.19596062205440168,2.168260138398093,A
0.045191077474145636,0.5670443912818272,0.01890640930385401,1.4598090078469435,A
0.052149738356177866,0.9569468224730736,0.25486232211346216,4.51440343941339,B
0.007105061367311927,0.8811617392093121,0.2538723661863981,2.3690290579558098,A
0.0025151918930886863,0.001574672078365369,0.6404868212056671,2.27367274646031,A
0.5967009584973811,0.25919284207616666,0.2484143414751342,4.179111232968833,B
0.8746843880553907,0.263300703104564,0.4671967922357375,5.998734609271565,D
0.5328567191718064,0.98810424462859,0.9499185732438032,6.2390617234198045,D
0.17352477668353294,0.10984310159333677,0.46990191497345335,0.8388783254064933,A
0.1898825364656812,0.2004908581703464,0.8644208794278682,3.0371868008865195,A
0.39735606027228976,0.8241779665721963,0.35328613547162746,4.7458279794359255,C
0.04225912711702129,0.912032157045888,0.646574576400112,4.161269832677736,B
0.64427532506439,0.5488016734644457,0.2076554541376372,4.1371915972751445,B
0.9286327150626263,0.8327925839787246,0.41803771054868333,6.793503482907791,D
0.9912295702917715,0.1339659254988167,0.32986273224971185,3.231243139869896,A
0.14097470251052113,0.6610882338749647,0.4187317877858844,3.098697282839285,A
0.6292471172131523,0.9894980378285869,0.5512171780127922,7.262777509492912,D
0.17757450783261441,0.5989625404614939,0.9012552439730027,2.8421423693038927,A
0.04546030055289574,0.14615993612884082,0.904681208808127,3.155087226275301,A
0.012631401802348119,0.34360727368457056,0.3973770584650145,2.968644329371594,A
0.20957899832938776,0.364994331880817,0.8225527925242635,2.2189742836762925,A
0.1370335144406587,0.045510446608298394,0.28267497014400267,-0.13933133412756682,A
0.8256363680640315,0.8194643411513365,0.6511739014709725,7.405859244414621,D
0.2780600297528051,0.7285138904322092,0.07446732194234584,3.5435573556091526,B
0.5583811236008347,0.09106560143724773,0.13744300159394518,2.3979032655138823,A
0.48554486306441147,0.5651304373100355,0.7779429156538934,5.911930479128979,D
0.3362399715839012,0.4918636760653968,0.4623425522796488,4.655848230896528,C
0.8416466425271066,0.9737841892806873,0.4724348397546837,6.430398627173268,D
0.021223436353038694,0.3020848802739847,0.9446525358016289,5.056789844483193,C
0.640255666248263,0.1544985976141522,0.4904352636167195,2.759258317957131,A
0.5538415970042927,0.3082881040762635,0.20721272049617867,2.9558773615312717,A
0.8587427419605402,0.9074084909965716,0.3885310514915875,8.960412230698276,D
0.4971121915253791,0.5376955514623466,0.9240301335464577,6.4323183344903025,D
0.4848508652415122,0.27166085833115183,0.3542432243663307,4.589377883745746,B
0.49711802297103447,0.8516073983753566,0.3668353316859785,4.26603257910024,B
0.48078523219375424,0.4151651547511951,0.7458530893246925,4.2005108203791774,B
0.49992222144690146,0.7475747490180578,0.12061910036886547,5.324506407562433,C
0.4699897921036732,0.1621263158614309,0.2171852755727749,1.4373701771434655,A
0.3789600939621147,0.12289548854614751,0.9183468341323014,2.7550509912241194,A
0.622286488320156,0.1630424928964196,0.8942771400761638,4.814187497115554,C
0.7476882604935527,0.20142455625314792,0.11822743904646038,2.9478985440129657,A
0.9951901137674997,0.4975033966198894,0.9847641848805372,7.259388440312316,D
0.4012401451027702,0.5710555293803172,0.22495727220198436,4.546663180952089,B
0.448729076963716,0.30443395144981233,0.8706190196478696,4.278936236932991,B
0.56761255940603,0.9947377031784459,0.03498502825822691,3.2522162327710777,A
0.44334390357450626,0.6930151672202232,0.5681231408089507,5.396924070418932,C
0.22910982472471608,0.7035026876914632,0.5988202619880734,3.7756846524723304,B
0.25321336699543107,0.1542228822333811,0.8227691418905133,4.690251466372643,C
0.3854386205028735,0.11997461324299674,0.6151963558210894,3.4113727793751867,A
0.47173127102095724,0.7680418634063774,0.8380270510771312,5.173890092033845,C
0.9878046403891299,0.808995186947403,0.5127638180842019,7.761108951974477,D
0.23057827706033196,0.4821231009490491,0.7770952344052292,3.8795907214817733,B
0.18461644953923295,0.8782979103992846,0.5101362207209345,6.0520917705781185,D
0.15535060525631061,0.20452775922191513,0.03236847002838161,0.30381887159866716,A
0.9878934988222755,0.3390241223446633,0.7640698982243032,5.140708389656151,C
0.8376359116215254,0.5726583237495426,0.7244897424436242,6.373347471697921,D
0.441708367385228,0.39493587626057036,0.7577008230383963,5.059570228379434,C
0.48373527538646544,0.28670026874518795,0.6431848277003775,3.9600263054326637,B
0.17434283696721042,0.9038431147269885,0.24970574538704227,3.6835517262775186,B
0.5344890191535941,0.5685590795335193,0.1975792279275923,3.7190497986961653,B
0.39875664812075995,0.4939812254908229,0.4080772860205758,3.732201562817309,B
0.2950898100685133,0.03832782916665389,0.3157912647663711,4.211588661337052,B
0.8654848677686426,0.3326324428190106,0.5189947533459712,4.720104430315224,C
0.7438665057643533,0.6908010794932457,0.9575031580031312,7.137693235231644,D
0.14741079733729967,0.16349557125547554,0.7099804471831989,4.700594772763636,C
0.5759841451599149,0.4724968216209666,0.3650537565793821,4.512006631611626,B
0.6010428584685786,0.4556258880465117,0.307929787150123,5.024713687627354,C
0.3248395640381786,0.4890034654408555,0.9241716727277972,5.030708482955703,C
0.23702128166143133,0.6699118518211887,0.06021123699863429,2.934409910771996,A
0.15258708852439995,0.2290268358963412,0.10047526991822864,0.458203261276227,A
0.609952961755666,0.29366099685134006,0.810868664125057,5.765875373862695,D
0.42894917541935296,0.22518781889354733,0.9655905369466729,4.503695304023776,B
0.11693882751164786,0.5426852625088618,0.7729393883136831,3.8682634972255885,B
0.040033882681498545,0.7849310315978552,0.7952442680091428,3.835858502436906,B
0.8766463065903893,0.3514878342539023,0.740262805004597,5.895142115879609,D
0.5734307327660026,0.6370004249033258,0.24918463347978648,5.603854163472835,C
0.18887442435127189,0.6004180855348021,0.3964714847242178,3.514112180120806,B
0.25752512738035516,0.6960193307300558,0.14827548056687634,3.119578426786276,A
0.7444837422512215,0.9677259607752324,0.6915813569575311,7.232771371646267,D
0.7962185491911424,0.22320412236666387,0.7940826137230612,6.201745190982777,D
0.4795692734824669,0.558778250283541,0.11809012539302688,3.7482793597071478,B
0.8478342622114626,0.6327622948031125,0.05512974768810286,4.09845811199622,B
0.36408469564708834,0.11953206610184142,0.7512968929774777,4.862707156817043,C
0.7987577623712059,0.7247585335265612,0.34237457799523985,7.1151241723523135,D
0.8078524334320882,0.5559900006555466,0.2573317582933776,3.4825225850495367,A
0.7260946813605388,0.16809907486623643,0.7551730040490697,3.7125208494265864,B
0.8265462125039734,0.4914700697311529,0.16278607759392427,4.706486139191732,C
0.12187978651021636,0.9957295885869247,0.039558435552070614,5.28696110641995,C
0.6585693937636637,0.5669605026068463,0.2604896418064825,5.108017606656993,C
0.887138912175238,0.2723156967547543,0.34409438329362496,3.6111351337594195,B
0.40604270982538926,0.032680710854557926,0.9338438580384589,2.601457173686833,A
0.49206165748056885,0.24790563901419538,0.9262599833586468,4.019983782479911,B
0.907269784042845,0.024907294827905768,0.41461578840939084,5.988979237255489,D
0.5280692081266062,0.3901569925596109,0.5450052627450938,5.4517305837031795,C
0.3863460701271454,0.8297665721319937,0.9626544005599229,6.8077074984903,D
0.6854734619235425,0.09544157637111861,0.7753470413934362,3.3979653391626865,A
0.9984311578626931,0.7982942433292363,0.5115079820214451,7.047694336318689,D
0.7697505388362671,0.4376166256207641,0.7981238892799237,5.650557110346367,C
0.689723222621756,0.11004128497504861,0.22053966897011246,4.054366896773942,B
0.43476194199767204,0.2423406320663175,0.4604883529084719,4.840369321085985,C
0.09963716739773276,0.7688537431662686,0.16974793329513627,3.625328618773841,B
0.4824158587730806,0.9556324572695222,0.5142588381372356,6.047703343032306,D
0.15255259381546737,0.312109086157908,0.4624457385149018,1.8668309170997968,A
0.028897078630481965,0.04564145998326263,0.9863980770346005,3.9268448452146547,B
0.8572302365551487,0.8395411025229566,0.36280107473108303,6.550050442844183,D
0.13737346121450056,0.9140769073739767,0.7307259206401656,4.815867400250529,C
0.0749001874496138,0.4937435830437774,0.7109019377781541,2.134751599243286,A
0.43768885008914094,0.11997919005252244,0.4363856629470251,3.9653858556698056,B
0.9045692906338407,0.05148585926735183,0.853551572175796,5.292357673312,C
0.8960490893707812,0.9728569422671715,0.25206729472327605,5.658756717056149,C
0.2970332780380145,0.7533473901912292,0.9024554599262612,4.648350209257683,C
0.23804718348588838,0.47121766336446147,0.13025735942580408,3.0509597358726275,A
0.5643903432940369,0.7903783174932396,0.19110944350828207,5.515709778811191,C
0.024405726620764567,0.3241131559596193,0.10597654488334363,2.058861733894238,A
0.6551214132997282,0.8569668741445166,0.5703574533580065,5.531443601721494,C
0.38169734570421965,0.4511341536273733,0.05151114187802963,2.987863425192126,A
0.007600723933285147,0.3441461925953532,0.5509205349684951,3.083377138859708,A
0.17367437512610762,0.4477859474338519,0.8052474291204079,5.842612526845786,D
0.7835660246019499,0.757012457868351,0.9755745581200264,7.108385732399873,D
0.43794622610496203,0.3677550156590226,0.620636161542341,4.6058737225518795,C
0.11284718525100623,0.3373525955567256,0.07052151405576734,1.4352750198058404,A
0.11585367550077141,0.7970965826933067,0.04404032736746866,0.8550352632323568,A
0.43689039954080144,0.7243831806941116,0.8048361022250643,5.019261382054786,C
0.5905950593928514,0.45565428800501917,0.4343521744358937,3.9101016658159944,B
0.34184396582130194,0.9941191435673009,0.774780914348293,4.733867055774546,C
0.5861349909711816,0.5776147397125848,0.3585904160025851,5.501623150584773,C
0.9603005237247876,0.04459204236819392,0.48353114711267997,6.456082824021535,D
0.2594071527984523,0.3256169490032911,0.012950853585376398,1.560163984273176,A
0.4537007844277243,0.17480173054482673,0.22067062445212182,4.053107273432329,B
0.12655437575369177,0.5028050271496896,0.5425838459470603,2.132866985201872,A
0.4191279463233315,0.05665350083393483,0.01598398243530852,1.8595338521776221,A
0.40845716085529593,0.5952394486083068,0.2885595913161717,4.070771573463543,B
0.008308581792576986,0.7626301601644132,0.014515216685082821,1.681646010242619,A
0.524502174652869,0.9653610444210897,0.25211041092610154,5.0593224073548315,C
0.7738966891406108,0.9028316585678005,0.7539587868810737,5.3404209581361055,C
0.5976145281748158,0.5417290705428034,0.4257080721074191,6.69736571315642,D
0.5755359432860654,0.7146346105796468,0.3665141460698791,5.58013207210736,C
0.4767943000274113,0.6184684289516861,0.2841736483467132,3.4710353990914835,A
0.6977062502639079,0.7655705971443517,0.6416745289630604,4.4401565542432575,B
0.08599803786512161,0.3182926815171617,0.6403568316648891,5.950269996089491,D
0.9512982158245403,0.392513732025665,0.31884047239483315,6.185576656910806,D
0.5061499984989843,0.011764054671589252,0.8664135762012627,4.416175150454417,B
0.5815123061226741,0.32736201067456494,0.7329326858470686,4.80765855903097,C
0.6459969814462561,0.6676794703604362,0.15318955214734653,4.674502388566319,C
0.9126913497644831,0.6002966110296796,0.6893895016528634,7.2273629706687155,D
0.7790594200355536,0.7389222246715688,0.4459656330259939,3.701037106387873,B
0.016408613493011703,0.5235619299736264,0.18970586677260626,1.7847797375694205,A
0.994271118308575,0.2120492200625581,0.7194639222364916,5.950394262158672,D
0.2211415141633828,0.037564390887328214,0.044295208097084204,1.5628274952144037,A
0.340906881233232,0.2999371128165855,0.8632197910451548,6.2700278357434245,D
0.024718254631935332,0.8997391115694137,0.6478909133416719,5.449309580535144,C
0.8135357372313058,0.13645202308764826,0.08321124032648575,4.33066020516732,B
0.5605401317200308,0.8742219010103566,0.9250497856354286,6.26180868930352,D
0.7180935732880911,0.6654790092680065,0.7117624276607168,6.307819691604333,D
0.4264468754950492,0.12823590059501855,0.5164004289615829,4.0178076741627295,B
0.16128614688163423,0.5721268103709518,0.8902954593390764,5.552908104160931,C
0.4393952592297534,0.9279537479804929,0.7607000777535604,5.943492333347795,D
0.45460718216501894,0.343848172465015,0.22395877768207129,3.078202653627006,A
0.22140641074431933,0.3632803901060506,0.39690962145690567,4.066198334825445,B
0.2820807089835249,0.8985268311673912,0.7180690290787459,5.360733114875246,C
0.43969484748721965,0.11750213227284845,0.48965208967996654,3.397360828104903,A
0.5714985638704049,0.7160590355529244,0.9628423916712117,6.254463070654753,D
0.6231995813422221,0.5431935684656917,0.4806277281031357,4.984227205467493,C
0.05907748946991276,0.06737273206879124,0.9467334886512169,3.889466099251428,B
0.01851623595296703,0.8288631183801773,0.7767451959307098,5.022882145226209,C
0.7502356295736445,0.7761401700703753,0.25021311052239503,4.78239538265398,C
0.9283559787351348,0.05024047597468284,0.3924907597585261,4.146560224022562,B
0.8199189345657485,0.02614969873201345,0.966594105557879,1.950281544604727,A
0.6260762440406957,0.8139018160777735,0.9794248126339262,7.534868557058552,D
0.08582311992823954,0.38791549466270503,0.679509868831038,3.5935385905466983,B
0.6342909334891231,0.9853232543544092,0.1818327925470662,5.332815623281193,C
0.43058122379077224,0.751953561945708,0.43572948302191983,4.888600649130072,C
0.22231094619135328,0.2421620157443818,0.21598581208864054,2.0878076080696717,A
0.07973870565306151,0.603446403819025,0.2462968081479342,2.4156002794918923,A
0.4122454980801695,0.9448644488607165,0.0014811561400821516,2.9066943262463205,A
0.7392542680196516,0.38073982498863546,0.5498931169929555,3.7016914775453262,B
0.5853294836943768,0.09419372131348469,0.9463997545828451,4.123858544094529,B
0.27533496390384005,0.34233515132407855,0.2593801298573144,3.7139049611129864,B
0.13067960191289718,0.5617088945889478,0.2892527039452265,1.7763489572625504,A
0.9021254809050231,0.7538373981999172,0.4841525869705505,6.523494264465293,D
0.17959814709582,0.7426564728229136,0.7802419403952353,5.96056497731073,D
0.02185127815676513,0.6693410531647452,0.9193977360110269,3.10148683405872,A
0.1573844898804606,0.665146738619465,0.6730443971796347,5.15071528649542,C
0.6116015392310283,0.7496561574426921,0.2835128834741092,5.224710691025383,C
0.4971985938064769,0.3003233731013557,0.5836145053710329,4.055918589591202,B
0.21084111150344187,0.0980699088691287,0.7741326206978396,3.01403162920524,A
0.5517296535141702,0.6906310887070826,0.9232069766685569,5.963074333995781,D
0.9159597962983935,0.3878793764711793,0.6176504098745882,6.076059752759015,D
0.6700494275794049,0.9987484958239724,0.06479326733553536,5.79714239938879,D
0.12865947639876107,0.4275153637157971,0.6183174085275718,4.1310448333014484,B
0.7355571505221044,0.45700759052416773,0.24120370515127987,5.370118048111289,C
0.3681307231819638,0.8456767878283875,0.7772891358638819,3.9338301969831306,B
0.1051371702849142,0.36923965773046663,0.6346156813745806,2.6679808857158998,A
0.4478645038375152,0.07042921309419437,0.4308161154378247,3.394073343777428,A
0.23172031904016388,0.119785106903876,0.26121316448604837,2.6296491509142217,A
0.2981375430572826,0.06471785148928366,0.7180369747133878,3.9487825663646787,B
0.615935869177194,0.1417532005443609,0.9388520874330808,5.795956782033298,D
0.26105813913526144,0.8443398337602144,0.5736187075448748,4.792582865130531,C
0.9899461349730926,0.9914023805686402,0.7533329978199723,7.970717219242037,D
0.9627840759177677,0.3097356972521961,0.04406161967729427,3.6577285767304857,B
0.5935388464371932,0.5891944654125381,0.17464359093259552,4.141457699399299,B
0.7419883537046794,0.5479344233284196,0.8131704886185233,6.294146007647316,D
0.3947572784768685,0.7367407555076231,0.928260747313305,5.089507259140921,C
0.4168568201444274,0.9290584443515247,0.2038295507982647,4.128599779771281,B
0.00042868586959798893,0.9421005450779717,0.9863196125169623,6.648024975121336,D
0.43852585373325104,0.4023197854463515,0.8003755620426782,4.111742462990451,B
0.7829198367945513,0.9660493894492274,0.5891437905068827,5.0520218437068385,C
0.2947827197207199,0.4624177780256311,0.4134516116130864,4.403824204800202,B
0.4060515332147713,0.49497009298340455,0.5584938656820828,4.587528789471272,B
0.991948451828743,0.13593761731903675,0.2552156891988553,4.4698695232420675,B
0.7835040153698857,0.38481073066214044,0.5975819488922808,5.278684018934374,C
0.7633704387067496,0.5550227167446565,0.9584299526787188,6.368411062521932,D
0.3372229784626619,0.4539364184398187,0.5480021145562325,3.3705160209823717,A
0.9459645949734617,0.7766290223753336,0.7156474987515349,5.0786607696060075,C
0.06475280442224463,0.14875747369430148,0.24156928605940842,1.9038195340582287,A
0.24306826507295443,0.07260716736578643,0.46861968173525514,3.2022954739336984,A
0.43825019089667916,0.4998673111262124,0.12499847984391976,5.999953464446872,D
0.21482035986114356,0.6176973326170954,0.4590762992455656,4.413386527505014,B
0.9113856335257653,0.22513848876841613,0.2623670844363084,4.149651544745783,B
0.8306724951366553,0.319420636560786,0.343460503276817,3.812698690230619,B
0.6288532914764318,0.7754234774738098,0.4644125425004102,3.370390216317461,A
0.7707632548537238,0.00863094522519603,0.6465209743665425,4.810208475046025,C
0.05536237765322616,0.8143288500285892,0.7564985655914102,5.002462188043116,C
0.22903192137682538,0.69490950908275,0.6222772429762347,5.552316760647739,C
0.4962949242380609,0.21345266444376965,0.3323517382968423,5.021051826721499,C
0.1996008370918384,0.6119767677249038,0.03279870829282561,3.2264249833694207,A
0.3060237049506722,0.9086752225493214,0.46781115464229706,5.405732612045254,C
0.7943691623231831,0.15928892668315053,0.8207815332537364,3.1929967677054165,A
0.2567389377401178,0.7057678556905319,0.5502794449619797,3.7209376819341378,B
0.9074741228572888,0.9948463850212077,0.16215412551827835,3.7922783108945564,B
0.5927694735965711,0.5506874831872214,0.6307494831687328,5.538074253845363,C
0.3621317241011087,0.8365468811428809,0.26004760782034453,4.727716771129042,C
0.6851567435371143,0.793914532664672,0.699207153986694,5.545737999542244,C
0.09376804615233802,0.9606462389895103,0.06784254869946726,2.811523917987543,A
0.6908365972926572,0.13641434532800711,0.826260294763392,4.314536778423044,B
0.274258275081648,0.013701621409498821,0.5990531570374028,3.0371406549845346,A
0.8873023363241266,0.801918887835087,0.15267501602915656,4.739918021878546,C
0.32809557966508707,0.195487789049559,0.7688062113948319,4.3351358017156025,B
0.7118546368780421,0.7454281540965002,0.004540244205103239,4.97324943569042,C
0.09142655834674174,0.9643746644819534,0.4522103248565158,4.052402952129149,B
0.4693972581237521,0.4677922952126975,0.06782249855726785,1.5946249769864629,A
0.5566701300326061,0.9541735964999415,0.7259583783050733,4.818895072181346,C
0.46192896264791383,0.5896434281444589,0.9661140564348877,5.982715558008213,D
0.7860832997098494,0.9838092039372699,0.4742432365361303,6.008166695301304,D
0.10875305587636164,0.8942285673397994,0.7341490148255386,3.735688109576895,B
0.7344111413664888,0.43320737527741726,0.016935354084941623,5.948355324096654,D
0.8423065308170552,0.003486256244359831,0.9360183048701077,4.045929518700175,B
0.8410915925174609,0.17223284737556244,0.7129547412909881,4.797439138982173,C
0.8182084461123816,0.3159723586901454,0.1808616490363254,6.300374492408389,D
0.45552998997982275,0.15765626125262688,0.4739006310096332,2.480816547844494,A
0.4478338803228389,0.14726940085499707,0.3352745781499181,4.1853403702240595,B
0.22725636974262708,0.3556720352922085,0.5571706992874377,3.2616086398825095,A
0.5164944083024192,0.43897804160623044,0.867607684655486,5.4489539112851535,C
0.2231921830953174,0.6653883317590982,0.822489689025275,5.421237920015596,C
0.15708857505456453,0.15883904350288391,0.17393831545115512,2.711000358517335,A
0.337940708278744,0.873019654712833,0.367392467831128,4.251524863056676,B
0.8479516153775098,0.6711238731385094,0.7170277305818861,6.134048114962107,D
0.36257212237824976,0.29176560372263227,0.16401217823336667,3.443248201619112,A
0.19273731904578972,0.9061079508150872,0.27374775790039396,4.592421425657753,B
0.6840320992785881,0.6470350816174317,0.506455368962597,3.9101471882717997,B
0.7129268054921608,0.4066720696990572,0.7097142871641693,5.407017371122265,C
0.7311568066776315,0.0005944935190905776,0.2626722009305633,1.4158401175549638,A
0.7850209157801203,0.9974787452574074,0.38432553533377956,5.446781042810117,C
0.5472802505993472,0.8373721837673705,0.6973899699440836,5.51205681971622,C
0.9271790923789995,0.044649645918774294,0.4746224927900977,2.593876857656487,A
0.8022242466367815,0.18064262017499966,0.927513895533876,5.889666839292243,D
0.4677754505282564,0.46517134028325713,0.6265660850326913,3.4128360203293924,A
0.5771803114625046,0.1644171060484646,0.03600531233114035,2.974345215200952,A
0.8937107207760804,0.5821572149787289,0.9634412976559288,6.828040432473702,D
0.4734965031538759,0.0785865882837492,0.63784734287745,4.493137366338638,B
0.8590899160392726,0.8431249117601989,0.7812165862468736,7.260197935200755,D
0.06904326447350462,0.764835014870525,0.19056989224200382,4.446682217532652,B
0.4126103441118678,0.10871371086697879,0.3047237271085471,2.5821686930106997,A
0.6112220239016461,0.025319845146525743,0.21337583022781925,2.220514744069071,A
0.29813532182109614,0.6154463253870204,0.09386470119248924,3.5818659932093757,B
0.40902456497973827,0.0044539989385574685,0.92225216856338,5.25747613463602,C
0.3450209163997924,0.30356055721988917,0.7906573829299361,5.69087893067814,D
0.9920786896856083,0.4784870343742321,0.5575945237202058,5.6108320487784376,C
0.23086516971526405,0.22462083817889444,0.5022388402161077,2.7078038645786098,A
0.06486646377508454,0.19653726267671234,0.3836625974723644,4.606585903919431,C
0.4827566570150683,0.962492654392508,0.8651448234884059,6.147428237674692,D
0.02190212453867535,0.6622800073855174,0.16096470985976974,3.3422859680742176,A
0.8291363334279759,0.8979607005386017,0.9158872249014268,7.967316556842253,D
0.5706134953332798,0.9617719127246974,0.7042359397811159,6.318071702504937,D
0.8839276873734769,0.692175657202262,0.1121579200603493,3.6431358576336095,B
0.5420528877798394,0.006077632370518726,0.5003774758368279,3.5646319577051466,B
0.8358716826150832,0.17639317039122238,0.2712002818283744,4.711107043896548,C
0.03322045976104693,0.19031513736178984,0.1960176283728633,1.6586942209658144,A
0.7533342199450171,0.9524121085175906,0.26432761764611534,6.151653596076792,D
0.014369089973894411,0.9883278929823086,0.7402403663368425,5.313312793449381,C
0.3128258317061948,0.1738055617198957,0.3351232596288166,1.70382573130173,A
0.23875146978706552,0.7340191694812563,0.44233230148332014,3.8412859410602924,B
0.5605380619792478,0.5487036435627212,0.1906724144261076,3.9226675762054324,B
0.9483623026843708,0.8471174159971179,0.4125530256197696,5.880794337361333,D
0.6180411193167737,0.7970820604314512,0.3680839462755283,6.2465629041475825,D
0.44042673947953637,0.16354565917898067,0.3113971599321316,3.9826482666956675,B
0.9401127475533194,0.46142799854207295,0.9067276567235154,7.14133061805732,D
0.6253253877190643,0.3902798933080537,0.6804671965919837,5.748937713410925,D
0.6149097777616603,0.3589952107196327,0.15671838726191867,3.564992308422832,B
0.5120258608194538,0.453310128130761,0.8370733978454286,6.170626514004244,D
0.09000876182203543,0.16439879162490623,0.9302457997124436,3.1704738204654275,A
0.45559945530159174,0.6167030754299334,0.8667450946366764,5.848559152549559,D
0.7443887163562647,0.11723335969065951,0.2833321957151904,7.622046613339101,D
0.5557889070396903,0.7646094283650409,0.3709441480843888,5.331722607144825,C
0.29614340576423503,0.7362765923752531,0.5961493179103329,4.793367889423238,C
0.8681525274118866,0.7237884537664286,0.40958257156024636,6.351501646232839,D
0.7943988181264887,0.15540221622802286,0.45015364553404613,5.263598523629064,C
0.8101347200588735,0.46001817015545554,0.8014223119593616,6.436470864325862,D
0.8093570927585243,0.7996489180105112,0.5044815068609219,5.5277781634137515,C
0.4069379200225248,0.18774792724609812,0.5350083304878097,5.071390217491315,C
0.9290296198841973,0.07988927676321389,0.5439578649036326,5.425667407931237,C
0.18483584005396902,0.43118067551120776,0.1305820512039212,2.256194626775359,A
0.9903568981151896,0.0634095831009377,0.5960668409408102,4.310562913306421,B
0.5333934583006492,0.9866834753765114,0.4031643569433704,6.451746357200349,D
0.5731562252875082,0.741902677298803,0.5417213590774257,3.3134610834698166,A
0.8446714421505154,0.876852033518596,0.005090293720687367,5.605342516509992,C
0.06564224509447147,0.43827611827615254,0.8765900045847864,3.1021017132605726,A
0.0013861463875758373,0.05414239557338074,0.39408807455352934,2.4695552195030173,A
0.478754736555856,0.8242502722967039,0.946230629397619,4.798430514447617,C
0.07712873933544862,0.2133966055731059,0.6737119470364155,3.7806367181667446,B
0.7840266384180817,0.8732725167357357,0.014605834970142229,4.336857579371692,B
0.4282711961173147,0.49610409795612387,0.02330403186740282,3.3757506581992844,A
0.945907775583513,0.9276217213782607,0.773029236807635,7.795093531586396,D
0.841647235001461,0.21592585855547952,0.21980573488069588,5.488065693314196,C
0.12900438820541205,0.5661816198241497,0.7392243362600419,3.401607861507797,A
0.9408930759068581,0.6499879202431948,0.6335214474916218,7.307831364724858,D
0.4787499555335648,0.19790830826658012,0.6421022350023727,5.640820271349723,C
0.3580406594393435,0.9995420752753289,0.5120201576199597,6.216859346456289,D
0.9482505357645774,0.45760116377327,0.16999276009172115,5.862508049973096,D
0.8800638025309729,0.3351404656732915,0.24035917068732393,5.077626576112094,C
0.4905873881390863,0.7198248886394687,0.006040268378070257,3.2707086223243835,A
0.798935951622505,0.7100627156910615,0.6234935249201451,4.199100425691604,B
0.5427549272394473,0.5265683589857484,0.603967014628294,4.410144504442157,B
0.010407151159881556,0.4256065382123726,0.8232844204726415,5.154826770230459,C
0.756312951263833,0.7225838858443265,0.08599726742142033,4.775998329661461,C
0.6437333216046609,0.9907137461697388,0.9165875622296867,6.121113262208799,D
0.4331292214081489,0.05189984959207927,0.16633638107002302,4.028965034717954,B
0.8065678705055979,0.8736829639583702,0.6516801901437413,5.643533180947923,C
0.26873185188695703,0.4095316627408283,0.9393843916823722,5.47855828373312,C
0.9996484684012102,0.5918719431613303,0.6155876699278382,6.924309635906602,D
0.552413178702992,0.9540654372886584,0.9134771630055186,4.912438143019913,C
0.7118880595278517,0.7725763591562563,0.25493097093952455,5.405510771815197,C
0.6377250865454726,0.7294827179020876,0.8130235714870524,5.617611622679635,C
0.22587224460652777,0.8482132530342044,0.9340689501716404,4.748941554745953,C
0.554703174415669,0.5747779131076921,0.8629033730810519,3.7778496800244574,B
0.43886848113344057,0.8691034377519732,0.4018976684376713,3.734927606208612,B
0.8915257556095172,0.40048404626569145,0.871464296900519,5.036308177522473,C
0.14895061698373846,0.7451943175259175,0.5644864221894882,2.681889142033538,A
0.8062781556065656,0.28476308260640804,0.9489709434645659,5.688113361157994,D
0.7325795942856962,0.5397940840451189,0.4590447874803474,5.4018845060920455,C
0.9736877562968399,0.1958061488570222,0.540682477989694,7.144899619902637,D
0.4083895970235437,0.2533428351785999,0.7054883533312354,3.9194026658741,B
0.22260642935173292,0.06445765688029625,0.7549872089457899,3.141200993898859,A
0.38769495445078783,0.4239059889622423,0.02069674048343928,2.6541571439553193,A
0.9717932100106568,0.08218701769224523,0.7248972042284421,5.230797662014294,C
0.8469980562235658,0.5200336914826171,0.7339504805998335,5.599834263972451,C
0.9591832364923093,0.04956703951040864,0.9593650058935088,6.232584058457057,D
0.6178482655653841,0.5773726419693528,0.23960173203221757,2.807370888157828,A
0.5048491500299342,0.5585991076033121,0.9521269530530373,3.957275253483825,B
0.18695652239742755,0.6205830509844026,0.6849201108905061,4.6019832533355585,C
0.005777028027078246,0.5707477553905258,0.2618166017274861,3.5516366137129225,B
0.8410688742543011,0.814192708980052,0.017257104550204794,4.576279260245934,B
0.06751052046123573,0.9802581878047822,0.40350696938818476,2.5898222356695673,A
0.4250228776914733,0.6689508741806511,0.49052288431863655,5.425579930428812,C
0.3408269430223909,0.33568046287743825,0.06029502597600689,2.087648565655713,A
0.6226430171850438,0.937281661343606,0.10769731118208958,5.822449225470631,D
0.9721157071127968,0.3732688315554029,0.8932898535150481,5.594584415423949,C
0.274099921116188,0.2963367268301955,0.011142652347321813,2.6860217065327325,A
0.07587210194450034,0.2876108652629459,0.4309619854415737,2.8182273749162396,A
0.6277704715860714,0.9771011490287452,0.1958101590598632,4.899214530242845,C
0.06972214137022126,0.9751940149691269,0.0056557196605870885,3.045249830530066,A
0.3666251211934004,0.5610696633619642,0.9798872976029364,5.829692461157709,D
0.9509169185377847,0.8011010423442382,0.36728910318269326,5.711748557493095,D
0.534653404793196,0.9841608111155743,0.4813366175289209,5.603492806852306,C
0.5711453884109058,0.43183794851778357,0.12030437106884417,4.34883270080873,B
0.8690298866836987,0.08819462644057197,0.222769234724988,5.838357532975861,D
0.41343656954985797,0.902541940746634,0.37139515548909474,3.3195480155810335,A
0.12892412733108816,0.6280938864881231,0.5178939471954963,4.3237805915334775,B
0.5965371654062371,0.5054539659240013,0.5167961681369354,3.0918840440304547,A
0.6623484705643002,0.5179808991406815,0.33348652545036694,6.096473922465413,D
0.7192770662771367,0.846771385168464,0.7637067516848401,5.669156332535409,C
0.4322512552304991,0.6569447959164361,0.07509227516106698,4.061300208456274,B
0.3717389192607018,0.7768358723469551,0.9212200784731996,5.408901125953719,C
0.10110247448453868,0.3128483238361651,0.4174152802683958,2.935800305836081,A
0.32494208076900033,0.2822268603219388,0.45638029463222163,3.3130487256891326,A
0.3571112673053629,0.9649117689564038,0.9068219352419394,6.839160631624434,D
0.23506319667000908,0.3908755086367055,0.3826345009942065,5.181407923487584,C
0.301980690214529,0.8915861635470148,0.06696592225185571,2.7615915764091623,A
0.4433994840808876,0.41835197476906494,0.7851929108942445,5.635450848521265,C
0.6889521822010467,0.78943301687258,0.03560523992207565,5.068257712346876,C
0.5035074716535335,0.5304592013734039,0.2740155368765821,4.077811065363812,B
0.49693579657593145,0.05156018028097842,0.7496085866583593,5.226882017706489,C
0.5228051174706089,0.49930008373203616,0.8950816604935564,3.618381441951044,B
0.9468408074397758,0.8991230536136869,0.8278899928446324,7.69159086977829,D
0.2941733208763274,0.2313083150513202,0.7691930263298962,4.6841965004831145,C
0.9322336856974904,0.2944155974213094,0.28104810586047535,4.18072377122675,B
0.5546717004749903,0.3996606287755291,0.4596104216962166,2.6029826769179856,A
0.57242022001371,0.8527601897234541,0.9409154059158461,5.938842220549897,D
0.5785911353985148,0.6655928777221158,0.21875715122773431,4.680141746320337,C
0.05663891908395402,0.4647135401583933,0.8996207937585614,4.929487171241222,C
0.7276509563983781,0.8377584644753023,0.3234664553612354,4.816741393898266,C
0.4949396107925661,0.6783651725312916,0.4315545864175895,6.230573431114646,D
0.8159624974488725,0.5579671778569678,0.8530621301920768,4.704992944085696,C
0.737468300272038,0.7623865779265655,0.1873284249023377,3.568528390880281,B
0.918591863246625,0.07442224599940184,0.2671057965845639,5.17594681108515,C
0.9197622001968495,0.8222345276034959,0.5163779562432059,7.460219060813833,D
0.6107040706630623,0.2062158400523424,0.0304820903130808,1.6182713207859074,A
0.3125675946918788,0.5940800424260971,0.1384101100914159,2.5399976903726786,A
0.5369907054961336,0.5987032704364852,0.2723919019618065,4.409390910691373,B
0.9257532278571752,0.10289951668998576,0.7216351930955673,6.607329821932805,D
0.7238508371862509,0.7650453072731151,0.038128978070013586,5.242278297711991,C
0.3468816641071386,0.5884775527639459,0.9228964345711816,5.539525383284407,C
0.3543226410142364,0.37465737735237004,0.6593436113892737,4.41628042316983,B
0.4921150620271425,0.25373790244765704,0.5678778262200723,3.8188163730620595,B
0.4545556499275374,0.2300576634621987,0.16699582258253254,2.340701535892557,A
0.17309320114108684,0.3741145446580523,0.3636083754685556,3.139293026825322,A
0.6092948038948011,0.9527649594667649,0.784950261354998,6.815306940306265,D
0.628875467791769,0.40006423270158564,0.6780018693377838,4.882089920499454,C
0.7585810400387726,0.11472896657945564,0.2455991782960968,3.0847793683284848,A
0.7897553150755373,0.9052437438182159,0.8521508230692566,8.072079671138438,D
0.7186688535358023,0.6640909571881826,0.5467451935189677,5.835754373342169,D
0.5157930714069175,0.8018346626265304,0.004849858692285713,4.646712773581218,C
0.7546545858209848,0.6065577616043529,0.705833410585183,5.6716203590754946,C
0.5028968493589528,0.5382065588618236,0.9168314282758097,4.674898857328429,C
0.8384799875197978,0.6545094461548271,0.5928505112702287,5.686010952409705,D
0.9104001271868278,0.714158528577448,0.25549489778261847,5.605758317769051,C
0.3437460032870767,0.3648993121602543,0.9389451192129242,4.394563495117888,B
0.3216589112300352,0.6671174781793205,0.23946142905288526,3.0639890385104938,A
0.11073025812867332,0.9170857660008648,0.7558126674736331,6.778842845668436,D
0.8895461278718817,0.6783448860536985,0.06977511878160059,5.69367811401158,D
0.295822258962657,0.9350500731480321,0.25672553357912753,3.9466858051112843,B
0.591129905067326,0.765996477007936,0.6158338208244303,5.5258778683095064,C
0.28826204360957686,0.6240794783072876,0.5131953679608836,3.166011339765054,A
0.1260674730507163,0.13395408144745302,0.2868501713030759,2.295108652125388,A
0.8244346142674194,0.472036404895798,0.6209703739894337,6.186745484822329,D
0.2567960784070694,0.29000287184346507,0.47875519717768666,3.8400843494954664,B
0.027938686941877622,0.3694019470435628,0.5369077397874316,2.645267032931027,A
0.7107579832915516,0.7188484949225352,0.2483893100017026,5.261320257240953,C
0.9400787407267519,0.941744278226013,0.4108578189875619,5.994175573536316,D
0.8163281252015432,0.020038167530775808,0.01700891809507654,2.459154488250206,A
0.7535812558356638,0.7731028575387245,0.5434958194996463,6.3179639969427885,D
0.7690217072390558,0.6265626902118882,0.20104238354943949,5.272938634722691,C
0.18483060905094462,0.8210274585935043,0.5137922511585529,4.257216572414264,B
0.1959015121667237,0.9816427551335077,0.9427518384199357,5.010411252838085,C
0.07372498944622718,0.44415179005293304,0.09984829775221515,3.1928507773552575,A
0.4664445238455287,0.6829681179362774,0.7174635904994296,3.9268409151368617,B
0.38204802277262595,0.6351048757044598,0.6571267967278706,4.121670974280952,B
0.538548227924266,0.7014756732135308,0.3487127619601371,6.634970094512438,D
0.9543750177194822,0.3260661058509129,0.029873107831274837,4.897151294968794,C
0.027636279788820106,0.3830941641000024,0.42656362988557117,4.120460372624411,B
0.0710922111044785,0.9183913473911098,0.8119205030400412,4.821457560485775,C
0.5753132325956074,0.8801057242108844,0.5163047952415066,6.81228648527373,D
0.9361109804659034,0.794612584457697,0.6477980683900881,5.0395248707223965,C
0.4612312941219754,0.3139176715070021,0.32144694549082997,2.9548247987400145,A
0.3592617468327076,0.33584613626688586,0.7074870658975627,4.779670265749182,C
0.8926425298587407,0.07083298611375144,0.7447371521980368,6.370326332064822,D
0.07419755305808673,0.39093061394888406,0.20900223775254434,2.308483537859622,A
0.8465197532778851,0.7794908457414808,0.97633959609473,7.032504691686106,D
0.23385018354043274,0.4969611921376479,0.916463959579333,4.95493031017387,C
0.11199221198666853,0.12890760671465595,0.8298135766585955,3.998160899210187,B
0.720006065521813,0.18578166857218692,0.2661994292914588,4.5912488049637314,B
0.4131229724318757,0.6298568736204226,0.033938027164608364,1.7198534972352162,A
0.9038844312607337,0.6403418894588132,0.7965009077729487,7.253485046975273,D
0.9427013402323233,0.7826467175888125,0.9443604702940092,6.815397716684913,D
0.13212853857490792,0.9920074241922384,0.830456502300139,5.995166290925785,D
0.5689180093448488,0.8087677577663678,0.853046883145883,6.798418539149204,D
0.26737832285513063,0.9891032643954376,0.7547518286503548,6.5397912501315405,D
0.9399221857435578,0.87360113908357,0.6662877626491897,6.421580127071311,D
0.8613960184845582,0.11919200866758373,0.29839374148776077,5.46753524544193,C
0.6820146908811437,0.2881391203009004,0.7993242185488795,4.745010181420352,C
0.009634844629980988,0.05568309540489691,0.22185643103402808,-0.5948625400893093,A
0.6830970706182604,0.07623782066514873,0.1040720077623728,2.9953172237424783,A
0.0922074357963214,0.693623699119554,0.02100565456878778,2.121907391459874,A
0.25508043075586473,0.7976787731922254,0.4179598440702206,5.6451775100016555,C
0.9094787396068975,0.24940894747807574,0.7816168725892281,4.823856554706036,C
0.7760901244997549,0.24843653709247904,0.4270275369812574,4.764874003583396,C
0.4632299724442588,0.440874554772015,0.3014681674822929,3.81677774912399,B
0.39111145925367785,0.6207551326737298,0.4730080878686812,4.76239699213407,C
0.5821342304648318,0.03569494376667037,0.8973960992199803,3.3682679773738737,A
0.4887502214966013,0.6424634359678513,0.2595062539110645,5.847597121279823,D
0.22398198153549598,0.07539496247037902,0.8069006492964371,3.3684469356515145,A
0.3426334950117572,0.8360824157238101,0.1790359300539306,4.41368580527823,B
0.1254952582551464,0.16584874063638122,0.6341274362352223,3.7300155129444317,B
0.8346568218416911,0.7409178957990514,0.8089473162435055,5.901117124754116,D
0.49142744504601643,0.8962927801650002,0.4258638033021518,5.454813000667126,C
0.6546247935489203,0.9895122623693139,0.8970053136698137,7.316346679286221,D
0.15855508879856506,0.5367446425699842,0.8870023433297305,5.402127855673899,C
0.8595456134148307,0.4404936888825788,0.9704306261576068,6.943572862801042,D
0.1605943420877768,0.6379649727693045,0.9070273048943797,2.8489346964464857,A
0.9645707024938306,0.8358271919970038,0.15773881654503807,4.861767924711356,C
0.8243305618475588,0.8528506227693793,0.4382883867617655,5.9922415643916445,D
0.11260687257393664,0.13898620703632436,0.8807563295895172,3.3790509395145865,A
0.03914686425152336,0.18762807229431466,0.6362241424091263,2.6088545593403496,A
0.8281315843051008,0.03833947545459271,0.31162384208685756,3.5289488236248063,B
0.2261959660813312,0.16436134274101988,0.29417802538264726,4.033621611290187,B
0.3495468038979255,0.37094700294658445,0.5183728486112251,4.982726777094974,C
0.4753449711559866,0.06954087469377246,0.5293598730292752,2.8223440307273515,A
0.04584398856760519,0.09412849427715897,0.35278305483309547,2.590339656564705,A
0.06937461997036631,0.6583494618997302,0.12434562451823272,2.9056572870870543,A
0.3833617820008439,0.17337688090267045,0.6530466315034787,3.2178495810404457,A
0.03751322321693096,0.9617876184167719,0.6176614901449198,3.0208575418438475,A
0.7838651980605437,0.4893579732982941,0.7900532525789191,6.766602861402805,D
0.9525152883485983,0.18509510023255582,0.23223664429215973,4.978100653694887,C
0.6968686386107862,0.3696846827392789,0.7198291948422951,4.548936302334729,B
0.12285300547976741,0.39614133002518914,0.6126986428961603,4.885094973451098,C
0.5034191839643984,0.5631163603216731,0.8796362199879767,7.093774158600703,D
0.21349396988421465,0.9739853967497256,0.6403967578418851,5.811152204417912,D
0.07972673616444992,0.4612683856042892,0.5027587783674876,2.550902903578474,A
0.7454514172190594,0.8453312449729644,0.7644126731668139,6.346268256335043,D
0.9930144481901897,0.6714280418837343,0.3212322230459941,6.131326935801457,D
0.32485841642253543,0.7003816456017546,0.7447361390089966,6.300088214434188,D
0.6513996058953221,0.9352459026490824,0.8971494645927341,6.3027954843960865,D
0.07939204659714594,0.9925654166401429,0.8870299106033822,5.038880160775909,C
0.959659040715913,0.6903916630457924,0.24151723330912633,5.393755222850178,C
0.3171164812166779,0.20232741727174042,0.6738435776300539,4.374444881070933,B
0.7447117293563522,0.1563741604662653,0.10432856425274106,4.530789841114531,B
0.6629170832887138,0.5849111631727691,0.5679170674735903,5.509825473956454,C
0.05127344079794527,0.18520394799930562,0.906045058132275,4.396539903681228,B
0.6081564067648023,0.84757350168136,0.0938495799541057,4.890275969595251,C
0.7943269133931795,0.45433012932376404,0.06199460889831665,5.044438500648679,C
0.9699095190249638,0.6109495022278066,0.32929882368837304,5.910691563151865,D
0.2083788824681715,0.08183229358118749,0.3515202304498992,2.158351355207221,A
